<?xml version='1.0' encoding='UTF-8' standalone='no'?>

                    <recordset>
 <record id=  "id0">
<aankomst>
<datum>
<d>1</d>
<m>12</m>
<j>04</j>
</datum>
<tijd>
<van>0.00</van>
<tot>1.00</tot>
</tijd>
<soort_vervoer>trein</soort_vervoer>
<bedrijf>OEBB</bedrijf>
<positie>
<x>0</x>
<y>0</y>
<z>0</z>
</positie>
</aankomst>
<eigenaar>
<naam>UPS</naam>
<containernr>16864</containernr>
</eigenaar>
<vertrek>
<datum>
<d>13</d>
<m>12</m>
<j>04</j>
</datum>
<tijd>
<van>0.00</van>
<tot>0.10</tot>
</tijd>
<soort_vervoer>vrachtauto</soort_vervoer>
<bedrijf>KreukBV</bedrijf>
</vertrek>
<afmetingen>
<l>45'</l>
<b>8'</b>
<h>9'6''</h>
</afmetingen>
<gewicht>
<leeg>3</leeg>
<inhoud>51</inhoud>
</gewicht>
<inhoud>
<naam>staal</naam>
<soort>los</soort>
<gevaar>geen</gevaar>
</inhoud>
<ISO>1496-1</ISO>
</record>
<record id=  "id1">
<aankomst>
<datum>
<d>1</d>
<m>12</m>
<j>04</j>
</datum>
<tijd>
<van>0.00</van>
<tot>1.00</tot>
</tijd>
<soort_vervoer>trein</soort_vervoer>
<bedrijf>OEBB</bedrijf>
<positie>
<x>1</x>
<y>0</y>
<z>0</z>
</positie>
</aankomst>
<eigenaar>
<naam>Amstel</naam>
<containernr>7033</containernr>
</eigenaar>
<vertrek>
<datum>
<d>11</d>
<m>12</m>
<j>04</j>
</datum>
<tijd>
<van>0.00</van>
<tot>0.10</tot>
</tijd>
<soort_vervoer>vrachtauto</soort_vervoer>
<bedrijf>KreukBV</bedrijf>
</vertrek>
<afmetingen>
<l>24'</l>
<b>8'</b>
<h>8'6''</h>
</afmetingen>
<gewicht>
<leeg>2</leeg>
<inhoud>24</inhoud>
</gewicht>
<inhoud>
<naam>computers</naam>
<soort>los</soort>
<gevaar>geen</gevaar>
</inhoud>
<ISO>1496-1</ISO>
</record>
<record id=  "id2">
<aankomst>
<datum>
<d>1</d>
<m>12</m>
<j>04</j>
</datum>
<tijd>
<van>0.00</van>
<tot>1.00</tot>
</tijd>
<soort_vervoer>trein</soort_vervoer>
<bedrijf>OEBB</bedrijf>
<positie>
<x>2</x>
<y>0</y>
<z>0</z>
</positie>
</aankomst>
<eigenaar>
<naam>CocaCola</naam>
<containernr>64048</containernr>
</eigenaar>
<vertrek>
<datum>
<d>3</d>
<m>12</m>
<j>04</j>
</datum>
<tijd>
<van>0.00</van>
<tot>0.10</tot>
</tijd>
<soort_vervoer>vrachtauto</soort_vervoer>
<bedrijf>KaspersTransportBV</bedrijf>
</vertrek>
<afmetingen>
<l>35'</l>
<b>8'</b>
<h>8'6''</h>
</afmetingen>
<gewicht>
<leeg>2</leeg>
<inhoud>36</inhoud>
</gewicht>
<inhoud>
<naam>PVC</naam>
<soort>los</soort>
<gevaar>brandbaar</gevaar>
</inhoud>
<ISO>1496-1</ISO>
</record>
<record id=  "id3">
<aankomst>
<datum>
<d>1</d>
<m>12</m>
<j>04</j>
</datum>
<tijd>
<van>0.00</van>
<tot>1.00</tot>
</tijd>
<soort_vervoer>trein</soort_vervoer>
<bedrijf>OEBB</bedrijf>
<positie>
<x>3</x>
<y>0</y>
<z>0</z>
</positie>
</aankomst>
<eigenaar>
<naam>DeutschePost</naam>
<containernr>92937</containernr>
</eigenaar>
<vertrek>
<datum>
<d>7</d>
<m>12</m>
<j>04</j>
</datum>
<tijd>
<van>0.00</van>
<tot>0.10</tot>
</tijd>
<soort_vervoer>vrachtauto</soort_vervoer>
<bedrijf>HerkTransport</bedrijf>
</vertrek>
<afmetingen>
<l>40'</l>
<b>8'</b>
<h>8'6''</h>
</afmetingen>
<gewicht>
<leeg>3</leeg>
<inhoud>73</inhoud>
</gewicht>
<inhoud>
<naam>kopieermachines</naam>
<soort>los</soort>
<gevaar>geen</gevaar>
</inhoud>
<ISO>1496-1</ISO>
</record>
<record id=  "id4">
<aankomst>
<datum>
<d>1</d>
<m>12</m>
<j>04</j>
</datum>
<tijd>
<van>0.00</van>
<tot>1.00</tot>
</tijd>
<soort_vervoer>trein</soort_vervoer>
<bedrijf>OEBB</bedrijf>
<positie>
<x>4</x>
<y>0</y>
<z>0</z>
</positie>
</aankomst>
<eigenaar>
<naam>FruitINT</naam>
<containernr>19636</containernr>
</eigenaar>
<vertrek>
<datum>
<d>3</d>
<m>12</m>
<j>04</j>
</datum>
<tijd>
<van>0.00</van>
<tot>0.10</tot>
</tijd>
<soort_vervoer>vrachtauto</soort_vervoer>
<bedrijf>DHL</bedrijf>
</vertrek>
<afmetingen>
<l>24'</l>
<b>8'</b>
<h>8'6''</h>
</afmetingen>
<gewicht>
<leeg>2</leeg>
<inhoud>45</inhoud>
</gewicht>
<inhoud>
<naam>appels</naam>
<soort>los</soort>
<gevaar>bederflijk</gevaar>
</inhoud>
<ISO>1496-1</ISO>
</record>
<record id=  "id5">
<aankomst>
<datum>
<d>1</d>
<m>12</m>
<j>04</j>
</datum>
<tijd>
<van>0.00</van>
<tot>1.00</tot>
</tijd>
<soort_vervoer>trein</soort_vervoer>
<bedrijf>OEBB</bedrijf>
<positie>
<x>5</x>
<y>0</y>
<z>0</z>
</positie>
</aankomst>
<eigenaar>
<naam>AXA</naam>
<containernr>41182</containernr>
</eigenaar>
<vertrek>
<datum>
<d>4</d>
<m>12</m>
<j>04</j>
</datum>
<tijd>
<van>0.00</van>
<tot>0.10</tot>
</tijd>
<soort_vervoer>vrachtauto</soort_vervoer>
<bedrijf>TransportCargo</bedrijf>
</vertrek>
<afmetingen>
<l>53'</l>
<b>8'</b>
<h>8'6''</h>
</afmetingen>
<gewicht>
<leeg>3</leeg>
<inhoud>97</inhoud>
</gewicht>
<inhoud>
<naam>wijn</naam>
<soort>los</soort>
<gevaar>vloeibaar</gevaar>
</inhoud>
<ISO>1496-1</ISO>
</record>
<record id=  "id6">
<aankomst>
<datum>
<d>1</d>
<m>12</m>
<j>04</j>
</datum>
<tijd>
<van>0.00</van>
<tot>1.00</tot>
</tijd>
<soort_vervoer>trein</soort_vervoer>
<bedrijf>OEBB</bedrijf>
<positie>
<x>6</x>
<y>0</y>
<z>0</z>
</positie>
</aankomst>
<eigenaar>
<naam>Bayer</naam>
<containernr>61210</containernr>
</eigenaar>
<vertrek>
<datum>
<d>3</d>
<m>12</m>
<j>04</j>
</datum>
<tijd>
<van>0.00</van>
<tot>0.10</tot>
</tijd>
<soort_vervoer>vrachtauto</soort_vervoer>
<bedrijf>HoefnagelsTransport</bedrijf>
</vertrek>
<afmetingen>
<l>48'</l>
<b>8'</b>
<h>8'6''</h>
</afmetingen>
<gewicht>
<leeg>3</leeg>
<inhoud>77</inhoud>
</gewicht>
<inhoud>
<naam>PVC</naam>
<soort>los</soort>
<gevaar>brandbaar</gevaar>
</inhoud>
<ISO>1496-1</ISO>
</record>
<record id=  "id7">
<aankomst>
<datum>
<d>1</d>
<m>12</m>
<j>04</j>
</datum>
<tijd>
<van>0.00</van>
<tot>1.00</tot>
</tijd>
<soort_vervoer>trein</soort_vervoer>
<bedrijf>OEBB</bedrijf>
<positie>
<x>7</x>
<y>0</y>
<z>0</z>
</positie>
</aankomst>
<eigenaar>
<naam>SeaTrans</naam>
<containernr>15657</containernr>
</eigenaar>
<vertrek>
<datum>
<d>11</d>
<m>12</m>
<j>04</j>
</datum>
<tijd>
<van>0.00</van>
<tot>0.10</tot>
</tijd>
<soort_vervoer>vrachtauto</soort_vervoer>
<bedrijf>GerisLogisticsBV</bedrijf>
</vertrek>
<afmetingen>
<l>35'</l>
<b>8'</b>
<h>8'6''</h>
</afmetingen>
<gewicht>
<leeg>2</leeg>
<inhoud>59</inhoud>
</gewicht>
<inhoud>
<naam>staal</naam>
<soort>los</soort>
<gevaar>geen</gevaar>
</inhoud>
<ISO>1496-1</ISO>
</record>
<record id=  "id8">
<aankomst>
<datum>
<d>1</d>
<m>12</m>
<j>04</j>
</datum>
<tijd>
<van>0.00</van>
<tot>1.00</tot>
</tijd>
<soort_vervoer>trein</soort_vervoer>
<bedrijf>OEBB</bedrijf>
<positie>
<x>8</x>
<y>0</y>
<z>0</z>
</positie>
</aankomst>
<eigenaar>
<naam>Heineken</naam>
<containernr>29454</containernr>
</eigenaar>
<vertrek>
<datum>
<d>10</d>
<m>12</m>
<j>04</j>
</datum>
<tijd>
<van>0.00</van>
<tot>0.10</tot>
</tijd>
<soort_vervoer>vrachtauto</soort_vervoer>
<bedrijf>ZegwaardDelftBV</bedrijf>
</vertrek>
<afmetingen>
<l>25'</l>
<b>8'</b>
<h>8'6''</h>
</afmetingen>
<gewicht>
<leeg>2</leeg>
<inhoud>26</inhoud>
</gewicht>
<inhoud>
<naam>hout</naam>
<soort>vast</soort>
<gevaar>brandbaar</gevaar>
</inhoud>
<ISO>1496-1</ISO>
</record>
<record id=  "id9">
<aankomst>
<datum>
<d>1</d>
<m>12</m>
<j>04</j>
</datum>
<tijd>
<van>0.00</van>
<tot>1.00</tot>
</tijd>
<soort_vervoer>trein</soort_vervoer>
<bedrijf>OEBB</bedrijf>
<positie>
<x>9</x>
<y>0</y>
<z>0</z>
</positie>
</aankomst>
<eigenaar>
<naam>UPS</naam>
<containernr>80344</containernr>
</eigenaar>
<vertrek>
<datum>
<d>15</d>
<m>12</m>
<j>04</j>
</datum>
<tijd>
<van>0.00</van>
<tot>12.00</tot>
</tijd>
<soort_vervoer>zeeschip</soort_vervoer>
<bedrijf>HollandAmericaLine</bedrijf>
</vertrek>
<afmetingen>
<l>20'</l>
<b>8'</b>
<h>8'6''</h>
</afmetingen>
<gewicht>
<leeg>2</leeg>
<inhoud>27</inhoud>
</gewicht>
<inhoud>
<naam>onderdelen</naam>
<soort>los</soort>
<gevaar>geen</gevaar>
</inhoud>
<ISO>1496-1</ISO>
</record>
<record id=  "id10">
<aankomst>
<datum>
<d>1</d>
<m>12</m>
<j>04</j>
</datum>
<tijd>
<van>0.00</van>
<tot>1.00</tot>
</tijd>
<soort_vervoer>trein</soort_vervoer>
<bedrijf>OEBB</bedrijf>
<positie>
<x>10</x>
<y>0</y>
<z>0</z>
</positie>
</aankomst>
<eigenaar>
<naam>Airfrance</naam>
<containernr>38113</containernr>
</eigenaar>
<vertrek>
<datum>
<d>3</d>
<m>12</m>
<j>04</j>
</datum>
<tijd>
<van>0.00</van>
<tot>12.00</tot>
</tijd>
<soort_vervoer>zeeschip</soort_vervoer>
<bedrijf>BaltDutchBV</bedrijf>
</vertrek>
<afmetingen>
<l>53'</l>
<b>8'</b>
<h>8'6''</h>
</afmetingen>
<gewicht>
<leeg>3</leeg>
<inhoud>93</inhoud>
</gewicht>
<inhoud>
<naam>cocacloa</naam>
<soort>los</soort>
<gevaar>vloeibaar</gevaar>
</inhoud>
<ISO>1496-1</ISO>
</record>
<record id=  "id11">
<aankomst>
<datum>
<d>1</d>
<m>12</m>
<j>04</j>
</datum>
<tijd>
<van>0.00</van>
<tot>1.00</tot>
</tijd>
<soort_vervoer>trein</soort_vervoer>
<bedrijf>OEBB</bedrijf>
<positie>
<x>11</x>
<y>0</y>
<z>0</z>
</positie>
</aankomst>
<eigenaar>
<naam>Ericsson</naam>
<containernr>52734</containernr>
</eigenaar>
<vertrek>
<datum>
<d>11</d>
<m>12</m>
<j>04</j>
</datum>
<tijd>
<van>0.00</van>
<tot>12.00</tot>
</tijd>
<soort_vervoer>zeeschip</soort_vervoer>
<bedrijf>DutchGeneralCargo</bedrijf>
</vertrek>
<afmetingen>
<l>48'</l>
<b>8'</b>
<h>8'6''</h>
</afmetingen>
<gewicht>
<leeg>3</leeg>
<inhoud>53</inhoud>
</gewicht>
<inhoud>
<naam>food</naam>
<soort>los</soort>
<gevaar>geen</gevaar>
</inhoud>
<ISO>1496-1</ISO>
</record>
<record id=  "id12">
<aankomst>
<datum>
<d>1</d>
<m>12</m>
<j>04</j>
</datum>
<tijd>
<van>0.00</van>
<tot>1.00</tot>
</tijd>
<soort_vervoer>trein</soort_vervoer>
<bedrijf>OEBB</bedrijf>
<positie>
<x>12</x>
<y>0</y>
<z>0</z>
</positie>
</aankomst>
<eigenaar>
<naam>FederalExpress</naam>
<containernr>31324</containernr>
</eigenaar>
<vertrek>
<datum>
<d>15</d>
<m>12</m>
<j>04</j>
</datum>
<tijd>
<van>0.00</van>
<tot>12.00</tot>
</tijd>
<soort_vervoer>zeeschip</soort_vervoer>
<bedrijf>HamburgSuedNed</bedrijf>
</vertrek>
<afmetingen>
<l>25'</l>
<b>8'</b>
<h>8'6''</h>
</afmetingen>
<gewicht>
<leeg>2</leeg>
<inhoud>47</inhoud>
</gewicht>
<inhoud>
<naam>witgoed</naam>
<soort>los</soort>
<gevaar>geen</gevaar>
</inhoud>
<ISO>1496-1</ISO>
</record>
<record id=  "id13">
<aankomst>
<datum>
<d>1</d>
<m>12</m>
<j>04</j>
</datum>
<tijd>
<van>0.00</van>
<tot>1.00</tot>
</tijd>
<soort_vervoer>trein</soort_vervoer>
<bedrijf>OEBB</bedrijf>
<positie>
<x>13</x>
<y>0</y>
<z>0</z>
</positie>
</aankomst>
<eigenaar>
<naam>LLyod</naam>
<containernr>96968</containernr>
</eigenaar>
<vertrek>
<datum>
<d>7</d>
<m>12</m>
<j>04</j>
</datum>
<tijd>
<van>0.00</van>
<tot>3.00</tot>
</tijd>
<soort_vervoer>binnenschip</soort_vervoer>
<bedrijf>ElbeRijnLloydBV</bedrijf>
</vertrek>
<afmetingen>
<l>35'</l>
<b>8'</b>
<h>8'6''</h>
</afmetingen>
<gewicht>
<leeg>2</leeg>
<inhoud>53</inhoud>
</gewicht>
<inhoud>
<naam>staal</naam>
<soort>los</soort>
<gevaar>geen</gevaar>
</inhoud>
<ISO>1496-1</ISO>
</record>
<record id=  "id14">
<aankomst>
<datum>
<d>1</d>
<m>12</m>
<j>04</j>
</datum>
<tijd>
<van>0.00</van>
<tot>1.00</tot>
</tijd>
<soort_vervoer>trein</soort_vervoer>
<bedrijf>OEBB</bedrijf>
<positie>
<x>14</x>
<y>0</y>
<z>0</z>
</positie>
</aankomst>
<eigenaar>
<naam>FlowersNL</naam>
<containernr>38389</containernr>
</eigenaar>
<vertrek>
<datum>
<d>10</d>
<m>12</m>
<j>04</j>
</datum>
<tijd>
<van>0.00</van>
<tot>3.00</tot>
</tijd>
<soort_vervoer>binnenschip</soort_vervoer>
<bedrijf>HerningRotterdam</bedrijf>
</vertrek>
<afmetingen>
<l>10'</l>
<b>8'</b>
<h>8'6''</h>
</afmetingen>
<gewicht>
<leeg>1</leeg>
<inhoud>15</inhoud>
</gewicht>
<inhoud>
<naam>food</naam>
<soort>los</soort>
<gevaar>geen</gevaar>
</inhoud>
<ISO>1496-1</ISO>
</record>
<record id=  "id15">
<aankomst>
<datum>
<d>1</d>
<m>12</m>
<j>04</j>
</datum>
<tijd>
<van>0.00</van>
<tot>1.00</tot>
</tijd>
<soort_vervoer>trein</soort_vervoer>
<bedrijf>OEBB</bedrijf>
<positie>
<x>15</x>
<y>0</y>
<z>0</z>
</positie>
</aankomst>
<eigenaar>
<naam>CocaCola</naam>
<containernr>96129</containernr>
</eigenaar>
<vertrek>
<datum>
<d>8</d>
<m>12</m>
<j>04</j>
</datum>
<tijd>
<van>0.00</van>
<tot>3.00</tot>
</tijd>
<soort_vervoer>binnenschip</soort_vervoer>
<bedrijf>HerningRotterdam</bedrijf>
</vertrek>
<afmetingen>
<l>35'</l>
<b>8'</b>
<h>8'6''</h>
</afmetingen>
<gewicht>
<leeg>2</leeg>
<inhoud>69</inhoud>
</gewicht>
<inhoud>
<naam>pianos</naam>
<soort>los</soort>
<gevaar>brandbaar</gevaar>
</inhoud>
<ISO>1496-1</ISO>
</record>
<record id=  "id16">
<aankomst>
<datum>
<d>1</d>
<m>12</m>
<j>04</j>
</datum>
<tijd>
<van>0.00</van>
<tot>1.00</tot>
</tijd>
<soort_vervoer>trein</soort_vervoer>
<bedrijf>OEBB</bedrijf>
<positie>
<x>16</x>
<y>0</y>
<z>0</z>
</positie>
</aankomst>
<eigenaar>
<naam>Amstel</naam>
<containernr>78996</containernr>
</eigenaar>
<vertrek>
<datum>
<d>7</d>
<m>12</m>
<j>04</j>
</datum>
<tijd>
<van>0.00</van>
<tot>3.00</tot>
</tijd>
<soort_vervoer>binnenschip</soort_vervoer>
<bedrijf>SchipperNL</bedrijf>
</vertrek>
<afmetingen>
<l>53'</l>
<b>8'</b>
<h>8'6''</h>
</afmetingen>
<gewicht>
<leeg>3</leeg>
<inhoud>102</inhoud>
</gewicht>
<inhoud>
<naam>karton</naam>
<soort>los</soort>
<gevaar>brandbaar</gevaar>
</inhoud>
<ISO>1496-1</ISO>
</record>
</recordset>
