<?xml version='1.0' encoding='UTF-8' standalone='no'?>

                    <recordset>
 <record id=  "id0">
<aankomst>
<datum>
<d>11</d>
<m>12</m>
<j>04</j>
</datum>
<tijd>
<van>0.00</van>
<tot>3.00</tot>
</tijd>
<soort_vervoer>binnenschip</soort_vervoer>
<bedrijf>GaagVander</bedrijf>
<positie>
<x>0</x>
<y>0</y>
<z>0</z>
</positie>
</aankomst>
<eigenaar>
<naam>AXA</naam>
<containernr>58543</containernr>
</eigenaar>
<vertrek>
<datum>
<d>15</d>
<m>12</m>
<j>04</j>
</datum>
<tijd>
<van>0.00</van>
<tot>0.10</tot>
</tijd>
<soort_vervoer>vrachtauto</soort_vervoer>
<bedrijf>ATOLogisticsBV</bedrijf>
</vertrek>
<afmetingen>
<l>24'</l>
<b>8'</b>
<h>8'6''</h>
</afmetingen>
<gewicht>
<leeg>2</leeg>
<inhoud>27</inhoud>
</gewicht>
<inhoud>
<naam>meubels</naam>
<soort>los</soort>
<gevaar>brandbaar</gevaar>
</inhoud>
<ISO>1496-1</ISO>
</record>
<record id=  "id1">
<aankomst>
<datum>
<d>11</d>
<m>12</m>
<j>04</j>
</datum>
<tijd>
<van>0.00</van>
<tot>3.00</tot>
</tijd>
<soort_vervoer>binnenschip</soort_vervoer>
<bedrijf>GaagVander</bedrijf>
<positie>
<x>0</x>
<y>0</y>
<z>1</z>
</positie>
</aankomst>
<eigenaar>
<naam>MaasHolland</naam>
<containernr>12283</containernr>
</eigenaar>
<vertrek>
<datum>
<d>13</d>
<m>12</m>
<j>04</j>
</datum>
<tijd>
<van>0.00</van>
<tot>0.10</tot>
</tijd>
<soort_vervoer>vrachtauto</soort_vervoer>
<bedrijf>SteelTransNederland</bedrijf>
</vertrek>
<afmetingen>
<l>24'</l>
<b>8'</b>
<h>8'6''</h>
</afmetingen>
<gewicht>
<leeg>2</leeg>
<inhoud>24</inhoud>
</gewicht>
<inhoud>
<naam>papier</naam>
<soort>vast</soort>
<gevaar>brandbaar</gevaar>
</inhoud>
<ISO>1496-1</ISO>
</record>
<record id=  "id2">
<aankomst>
<datum>
<d>11</d>
<m>12</m>
<j>04</j>
</datum>
<tijd>
<van>0.00</van>
<tot>3.00</tot>
</tijd>
<soort_vervoer>binnenschip</soort_vervoer>
<bedrijf>GaagVander</bedrijf>
<positie>
<x>0</x>
<y>0</y>
<z>2</z>
</positie>
</aankomst>
<eigenaar>
<naam>GJMW</naam>
<containernr>77613</containernr>
</eigenaar>
<vertrek>
<datum>
<d>25</d>
<m>12</m>
<j>04</j>
</datum>
<tijd>
<van>0.00</van>
<tot>0.10</tot>
</tijd>
<soort_vervoer>vrachtauto</soort_vervoer>
<bedrijf>BasamroTransportBV</bedrijf>
</vertrek>
<afmetingen>
<l>24'</l>
<b>8'</b>
<h>8'6''</h>
</afmetingen>
<gewicht>
<leeg>2</leeg>
<inhoud>24</inhoud>
</gewicht>
<inhoud>
<naam>wijn</naam>
<soort>los</soort>
<gevaar>vloeibaar</gevaar>
</inhoud>
<ISO>1496-1</ISO>
</record>
<record id=  "id3">
<aankomst>
<datum>
<d>11</d>
<m>12</m>
<j>04</j>
</datum>
<tijd>
<van>0.00</van>
<tot>3.00</tot>
</tijd>
<soort_vervoer>binnenschip</soort_vervoer>
<bedrijf>GaagVander</bedrijf>
<positie>
<x>0</x>
<y>1</y>
<z>0</z>
</positie>
</aankomst>
<eigenaar>
<naam>Shell</naam>
<containernr>38453</containernr>
</eigenaar>
<vertrek>
<datum>
<d>24</d>
<m>12</m>
<j>04</j>
</datum>
<tijd>
<van>0.00</van>
<tot>0.10</tot>
</tijd>
<soort_vervoer>vrachtauto</soort_vervoer>
<bedrijf>ATOLogisticsBV</bedrijf>
</vertrek>
<afmetingen>
<l>45'</l>
<b>8'</b>
<h>9'6''</h>
</afmetingen>
<gewicht>
<leeg>3</leeg>
<inhoud>60</inhoud>
</gewicht>
<inhoud>
<naam>bier</naam>
<soort>los</soort>
<gevaar>vloeibaar</gevaar>
</inhoud>
<ISO>1496-1</ISO>
</record>
<record id=  "id4">
<aankomst>
<datum>
<d>11</d>
<m>12</m>
<j>04</j>
</datum>
<tijd>
<van>0.00</van>
<tot>3.00</tot>
</tijd>
<soort_vervoer>binnenschip</soort_vervoer>
<bedrijf>GaagVander</bedrijf>
<positie>
<x>0</x>
<y>1</y>
<z>1</z>
</positie>
</aankomst>
<eigenaar>
<naam>KraftFoods</naam>
<containernr>60098</containernr>
</eigenaar>
<vertrek>
<datum>
<d>12</d>
<m>12</m>
<j>04</j>
</datum>
<tijd>
<van>0.00</van>
<tot>0.10</tot>
</tijd>
<soort_vervoer>vrachtauto</soort_vervoer>
<bedrijf>HamBV</bedrijf>
</vertrek>
<afmetingen>
<l>45'</l>
<b>8'</b>
<h>9'6''</h>
</afmetingen>
<gewicht>
<leeg>3</leeg>
<inhoud>88</inhoud>
</gewicht>
<inhoud>
<naam>staal</naam>
<soort>los</soort>
<gevaar>geen</gevaar>
</inhoud>
<ISO>1496-1</ISO>
</record>
<record id=  "id5">
<aankomst>
<datum>
<d>11</d>
<m>12</m>
<j>04</j>
</datum>
<tijd>
<van>0.00</van>
<tot>3.00</tot>
</tijd>
<soort_vervoer>binnenschip</soort_vervoer>
<bedrijf>GaagVander</bedrijf>
<positie>
<x>0</x>
<y>1</y>
<z>2</z>
</positie>
</aankomst>
<eigenaar>
<naam>AXA</naam>
<containernr>70797</containernr>
</eigenaar>
<vertrek>
<datum>
<d>20</d>
<m>12</m>
<j>04</j>
</datum>
<tijd>
<van>0.00</van>
<tot>0.10</tot>
</tijd>
<soort_vervoer>vrachtauto</soort_vervoer>
<bedrijf>GerisLogisticsBV</bedrijf>
</vertrek>
<afmetingen>
<l>45'</l>
<b>8'</b>
<h>9'6''</h>
</afmetingen>
<gewicht>
<leeg>3</leeg>
<inhoud>50</inhoud>
</gewicht>
<inhoud>
<naam>medicijnen</naam>
<soort>los</soort>
<gevaar>geen</gevaar>
</inhoud>
<ISO>1496-1</ISO>
</record>
<record id=  "id6">
<aankomst>
<datum>
<d>11</d>
<m>12</m>
<j>04</j>
</datum>
<tijd>
<van>0.00</van>
<tot>3.00</tot>
</tijd>
<soort_vervoer>binnenschip</soort_vervoer>
<bedrijf>GaagVander</bedrijf>
<positie>
<x>0</x>
<y>2</y>
<z>0</z>
</positie>
</aankomst>
<eigenaar>
<naam>Ericsson</naam>
<containernr>28004</containernr>
</eigenaar>
<vertrek>
<datum>
<d>15</d>
<m>12</m>
<j>04</j>
</datum>
<tijd>
<van>0.00</van>
<tot>0.10</tot>
</tijd>
<soort_vervoer>vrachtauto</soort_vervoer>
<bedrijf>vanGendenLoos</bedrijf>
</vertrek>
<afmetingen>
<l>44'</l>
<b>8'</b>
<h>8'6''</h>
</afmetingen>
<gewicht>
<leeg>3</leeg>
<inhoud>69</inhoud>
</gewicht>
<inhoud>
<naam>ijzererts</naam>
<soort>los</soort>
<gevaar>geen</gevaar>
</inhoud>
<ISO>1496-1</ISO>
</record>
<record id=  "id7">
<aankomst>
<datum>
<d>11</d>
<m>12</m>
<j>04</j>
</datum>
<tijd>
<van>0.00</van>
<tot>3.00</tot>
</tijd>
<soort_vervoer>binnenschip</soort_vervoer>
<bedrijf>GaagVander</bedrijf>
<positie>
<x>0</x>
<y>2</y>
<z>1</z>
</positie>
</aankomst>
<eigenaar>
<naam>Ericsson</naam>
<containernr>34619</containernr>
</eigenaar>
<vertrek>
<datum>
<d>12</d>
<m>12</m>
<j>04</j>
</datum>
<tijd>
<van>0.00</van>
<tot>0.10</tot>
</tijd>
<soort_vervoer>vrachtauto</soort_vervoer>
<bedrijf>TransportCargo</bedrijf>
</vertrek>
<afmetingen>
<l>44'</l>
<b>8'</b>
<h>8'6''</h>
</afmetingen>
<gewicht>
<leeg>3</leeg>
<inhoud>65</inhoud>
</gewicht>
<inhoud>
<naam>appels</naam>
<soort>los</soort>
<gevaar>bederflijk</gevaar>
</inhoud>
<ISO>1496-1</ISO>
</record>
<record id=  "id8">
<aankomst>
<datum>
<d>11</d>
<m>12</m>
<j>04</j>
</datum>
<tijd>
<van>0.00</van>
<tot>3.00</tot>
</tijd>
<soort_vervoer>binnenschip</soort_vervoer>
<bedrijf>GaagVander</bedrijf>
<positie>
<x>0</x>
<y>2</y>
<z>2</z>
</positie>
</aankomst>
<eigenaar>
<naam>UPS</naam>
<containernr>87608</containernr>
</eigenaar>
<vertrek>
<datum>
<d>25</d>
<m>12</m>
<j>04</j>
</datum>
<tijd>
<van>0.00</van>
<tot>0.10</tot>
</tijd>
<soort_vervoer>vrachtauto</soort_vervoer>
<bedrijf>ATOLogisticsBV</bedrijf>
</vertrek>
<afmetingen>
<l>44'</l>
<b>8'</b>
<h>8'6''</h>
</afmetingen>
<gewicht>
<leeg>3</leeg>
<inhoud>52</inhoud>
</gewicht>
<inhoud>
<naam>bier</naam>
<soort>los</soort>
<gevaar>vloeibaar</gevaar>
</inhoud>
<ISO>1496-1</ISO>
</record>
<record id=  "id9">
<aankomst>
<datum>
<d>11</d>
<m>12</m>
<j>04</j>
</datum>
<tijd>
<van>0.00</van>
<tot>3.00</tot>
</tijd>
<soort_vervoer>binnenschip</soort_vervoer>
<bedrijf>GaagVander</bedrijf>
<positie>
<x>0</x>
<y>3</y>
<z>0</z>
</positie>
</aankomst>
<eigenaar>
<naam>CocaCola</naam>
<containernr>956</containernr>
</eigenaar>
<vertrek>
<datum>
<d>17</d>
<m>12</m>
<j>04</j>
</datum>
<tijd>
<van>0.00</van>
<tot>0.10</tot>
</tijd>
<soort_vervoer>vrachtauto</soort_vervoer>
<bedrijf>HamBV</bedrijf>
</vertrek>
<afmetingen>
<l>24'</l>
<b>8'</b>
<h>8'6''</h>
</afmetingen>
<gewicht>
<leeg>2</leeg>
<inhoud>31</inhoud>
</gewicht>
<inhoud>
<naam>hifi</naam>
<soort>los</soort>
<gevaar>geen</gevaar>
</inhoud>
<ISO>1496-1</ISO>
</record>
<record id=  "id10">
<aankomst>
<datum>
<d>11</d>
<m>12</m>
<j>04</j>
</datum>
<tijd>
<van>0.00</van>
<tot>3.00</tot>
</tijd>
<soort_vervoer>binnenschip</soort_vervoer>
<bedrijf>GaagVander</bedrijf>
<positie>
<x>0</x>
<y>3</y>
<z>1</z>
</positie>
</aankomst>
<eigenaar>
<naam>Grolsch</naam>
<containernr>65606</containernr>
</eigenaar>
<vertrek>
<datum>
<d>25</d>
<m>12</m>
<j>04</j>
</datum>
<tijd>
<van>0.00</van>
<tot>0.10</tot>
</tijd>
<soort_vervoer>vrachtauto</soort_vervoer>
<bedrijf>MVWTransport</bedrijf>
</vertrek>
<afmetingen>
<l>24'</l>
<b>8'</b>
<h>8'6''</h>
</afmetingen>
<gewicht>
<leeg>2</leeg>
<inhoud>25</inhoud>
</gewicht>
<inhoud>
<naam>onderdelen</naam>
<soort>los</soort>
<gevaar>geen</gevaar>
</inhoud>
<ISO>1496-1</ISO>
</record>
<record id=  "id11">
<aankomst>
<datum>
<d>11</d>
<m>12</m>
<j>04</j>
</datum>
<tijd>
<van>0.00</van>
<tot>3.00</tot>
</tijd>
<soort_vervoer>binnenschip</soort_vervoer>
<bedrijf>GaagVander</bedrijf>
<positie>
<x>0</x>
<y>3</y>
<z>2</z>
</positie>
</aankomst>
<eigenaar>
<naam>Bayer</naam>
<containernr>78401</containernr>
</eigenaar>
<vertrek>
<datum>
<d>14</d>
<m>12</m>
<j>04</j>
</datum>
<tijd>
<van>0.00</van>
<tot>0.10</tot>
</tijd>
<soort_vervoer>vrachtauto</soort_vervoer>
<bedrijf>AllroundTransportBV</bedrijf>
</vertrek>
<afmetingen>
<l>24'</l>
<b>8'</b>
<h>8'6''</h>
</afmetingen>
<gewicht>
<leeg>2</leeg>
<inhoud>40</inhoud>
</gewicht>
<inhoud>
<naam>cocacloa</naam>
<soort>los</soort>
<gevaar>vloeibaar</gevaar>
</inhoud>
<ISO>1496-1</ISO>
</record>
<record id=  "id12">
<aankomst>
<datum>
<d>11</d>
<m>12</m>
<j>04</j>
</datum>
<tijd>
<van>0.00</van>
<tot>3.00</tot>
</tijd>
<soort_vervoer>binnenschip</soort_vervoer>
<bedrijf>GaagVander</bedrijf>
<positie>
<x>1</x>
<y>0</y>
<z>0</z>
</positie>
</aankomst>
<eigenaar>
<naam>FruitINT</naam>
<containernr>1642</containernr>
</eigenaar>
<vertrek>
<datum>
<d>13</d>
<m>12</m>
<j>04</j>
</datum>
<tijd>
<van>0.00</van>
<tot>0.10</tot>
</tijd>
<soort_vervoer>vrachtauto</soort_vervoer>
<bedrijf>AllroundTransportBV</bedrijf>
</vertrek>
<afmetingen>
<l>56'</l>
<b>8'</b>
<h>8'6''</h>
</afmetingen>
<gewicht>
<leeg>3</leeg>
<inhoud>76</inhoud>
</gewicht>
<inhoud>
<naam>karton</naam>
<soort>los</soort>
<gevaar>brandbaar</gevaar>
</inhoud>
<ISO>1496-1</ISO>
</record>
<record id=  "id13">
<aankomst>
<datum>
<d>11</d>
<m>12</m>
<j>04</j>
</datum>
<tijd>
<van>0.00</van>
<tot>3.00</tot>
</tijd>
<soort_vervoer>binnenschip</soort_vervoer>
<bedrijf>GaagVander</bedrijf>
<positie>
<x>1</x>
<y>0</y>
<z>1</z>
</positie>
</aankomst>
<eigenaar>
<naam>TransNL</naam>
<containernr>17892</containernr>
</eigenaar>
<vertrek>
<datum>
<d>20</d>
<m>12</m>
<j>04</j>
</datum>
<tijd>
<van>0.00</van>
<tot>0.10</tot>
</tijd>
<soort_vervoer>vrachtauto</soort_vervoer>
<bedrijf>HoefnagelsTransport</bedrijf>
</vertrek>
<afmetingen>
<l>56'</l>
<b>8'</b>
<h>8'6''</h>
</afmetingen>
<gewicht>
<leeg>3</leeg>
<inhoud>81</inhoud>
</gewicht>
<inhoud>
<naam>PVC</naam>
<soort>los</soort>
<gevaar>brandbaar</gevaar>
</inhoud>
<ISO>1496-1</ISO>
</record>
<record id=  "id14">
<aankomst>
<datum>
<d>11</d>
<m>12</m>
<j>04</j>
</datum>
<tijd>
<van>0.00</van>
<tot>3.00</tot>
</tijd>
<soort_vervoer>binnenschip</soort_vervoer>
<bedrijf>GaagVander</bedrijf>
<positie>
<x>1</x>
<y>0</y>
<z>2</z>
</positie>
</aankomst>
<eigenaar>
<naam>Airfrance</naam>
<containernr>37598</containernr>
</eigenaar>
<vertrek>
<datum>
<d>24</d>
<m>12</m>
<j>04</j>
</datum>
<tijd>
<van>0.00</van>
<tot>0.10</tot>
</tijd>
<soort_vervoer>vrachtauto</soort_vervoer>
<bedrijf>LOVTruckingBV</bedrijf>
</vertrek>
<afmetingen>
<l>56'</l>
<b>8'</b>
<h>8'6''</h>
</afmetingen>
<gewicht>
<leeg>3</leeg>
<inhoud>100</inhoud>
</gewicht>
<inhoud>
<naam>bier</naam>
<soort>los</soort>
<gevaar>vloeibaar</gevaar>
</inhoud>
<ISO>1496-1</ISO>
</record>
<record id=  "id15">
<aankomst>
<datum>
<d>11</d>
<m>12</m>
<j>04</j>
</datum>
<tijd>
<van>0.00</van>
<tot>3.00</tot>
</tijd>
<soort_vervoer>binnenschip</soort_vervoer>
<bedrijf>GaagVander</bedrijf>
<positie>
<x>1</x>
<y>1</y>
<z>0</z>
</positie>
</aankomst>
<eigenaar>
<naam>Carrefour</naam>
<containernr>55507</containernr>
</eigenaar>
<vertrek>
<datum>
<d>23</d>
<m>12</m>
<j>04</j>
</datum>
<tijd>
<van>0.00</van>
<tot>0.10</tot>
</tijd>
<soort_vervoer>vrachtauto</soort_vervoer>
<bedrijf>DHL</bedrijf>
</vertrek>
<afmetingen>
<l>40'</l>
<b>8'</b>
<h>8'6''</h>
</afmetingen>
<gewicht>
<leeg>3</leeg>
<inhoud>41</inhoud>
</gewicht>
<inhoud>
<naam>wijn</naam>
<soort>los</soort>
<gevaar>vloeibaar</gevaar>
</inhoud>
<ISO>1496-1</ISO>
</record>
<record id=  "id16">
<aankomst>
<datum>
<d>11</d>
<m>12</m>
<j>04</j>
</datum>
<tijd>
<van>0.00</van>
<tot>3.00</tot>
</tijd>
<soort_vervoer>binnenschip</soort_vervoer>
<bedrijf>GaagVander</bedrijf>
<positie>
<x>1</x>
<y>1</y>
<z>1</z>
</positie>
</aankomst>
<eigenaar>
<naam>Heineken</naam>
<containernr>80160</containernr>
</eigenaar>
<vertrek>
<datum>
<d>25</d>
<m>12</m>
<j>04</j>
</datum>
<tijd>
<van>0.00</van>
<tot>0.10</tot>
</tijd>
<soort_vervoer>vrachtauto</soort_vervoer>
<bedrijf>GerisLogisticsBV</bedrijf>
</vertrek>
<afmetingen>
<l>40'</l>
<b>8'</b>
<h>8'6''</h>
</afmetingen>
<gewicht>
<leeg>3</leeg>
<inhoud>76</inhoud>
</gewicht>
<inhoud>
<naam>bier</naam>
<soort>los</soort>
<gevaar>vloeibaar</gevaar>
</inhoud>
<ISO>1496-1</ISO>
</record>
<record id=  "id17">
<aankomst>
<datum>
<d>11</d>
<m>12</m>
<j>04</j>
</datum>
<tijd>
<van>0.00</van>
<tot>3.00</tot>
</tijd>
<soort_vervoer>binnenschip</soort_vervoer>
<bedrijf>GaagVander</bedrijf>
<positie>
<x>1</x>
<y>1</y>
<z>2</z>
</positie>
</aankomst>
<eigenaar>
<naam>MaasHolland</naam>
<containernr>11416</containernr>
</eigenaar>
<vertrek>
<datum>
<d>16</d>
<m>12</m>
<j>04</j>
</datum>
<tijd>
<van>0.00</van>
<tot>0.10</tot>
</tijd>
<soort_vervoer>vrachtauto</soort_vervoer>
<bedrijf>KreukBV</bedrijf>
</vertrek>
<afmetingen>
<l>40'</l>
<b>8'</b>
<h>8'6''</h>
</afmetingen>
<gewicht>
<leeg>3</leeg>
<inhoud>59</inhoud>
</gewicht>
<inhoud>
<naam>vuurwerk</naam>
<soort>vast</soort>
<gevaar>explosief</gevaar>
</inhoud>
<ISO>1496-1</ISO>
</record>
<record id=  "id18">
<aankomst>
<datum>
<d>11</d>
<m>12</m>
<j>04</j>
</datum>
<tijd>
<van>0.00</van>
<tot>3.00</tot>
</tijd>
<soort_vervoer>binnenschip</soort_vervoer>
<bedrijf>GaagVander</bedrijf>
<positie>
<x>1</x>
<y>2</y>
<z>0</z>
</positie>
</aankomst>
<eigenaar>
<naam>Bayer</naam>
<containernr>4452</containernr>
</eigenaar>
<vertrek>
<datum>
<d>21</d>
<m>12</m>
<j>04</j>
</datum>
<tijd>
<van>0.00</van>
<tot>0.10</tot>
</tijd>
<soort_vervoer>vrachtauto</soort_vervoer>
<bedrijf>HSK</bedrijf>
</vertrek>
<afmetingen>
<l>24'</l>
<b>8'</b>
<h>8'6''</h>
</afmetingen>
<gewicht>
<leeg>2</leeg>
<inhoud>41</inhoud>
</gewicht>
<inhoud>
<naam>hout</naam>
<soort>vast</soort>
<gevaar>brandbaar</gevaar>
</inhoud>
<ISO>1496-1</ISO>
</record>
<record id=  "id19">
<aankomst>
<datum>
<d>11</d>
<m>12</m>
<j>04</j>
</datum>
<tijd>
<van>0.00</van>
<tot>3.00</tot>
</tijd>
<soort_vervoer>binnenschip</soort_vervoer>
<bedrijf>GaagVander</bedrijf>
<positie>
<x>1</x>
<y>2</y>
<z>1</z>
</positie>
</aankomst>
<eigenaar>
<naam>IBM</naam>
<containernr>59296</containernr>
</eigenaar>
<vertrek>
<datum>
<d>24</d>
<m>12</m>
<j>04</j>
</datum>
<tijd>
<van>0.00</van>
<tot>0.10</tot>
</tijd>
<soort_vervoer>vrachtauto</soort_vervoer>
<bedrijf>Holtrans</bedrijf>
</vertrek>
<afmetingen>
<l>24'</l>
<b>8'</b>
<h>8'6''</h>
</afmetingen>
<gewicht>
<leeg>2</leeg>
<inhoud>25</inhoud>
</gewicht>
<inhoud>
<naam>PVC</naam>
<soort>los</soort>
<gevaar>brandbaar</gevaar>
</inhoud>
<ISO>1496-1</ISO>
</record>
<record id=  "id20">
<aankomst>
<datum>
<d>11</d>
<m>12</m>
<j>04</j>
</datum>
<tijd>
<van>0.00</van>
<tot>3.00</tot>
</tijd>
<soort_vervoer>binnenschip</soort_vervoer>
<bedrijf>GaagVander</bedrijf>
<positie>
<x>1</x>
<y>2</y>
<z>2</z>
</positie>
</aankomst>
<eigenaar>
<naam>MaasHolland</naam>
<containernr>71046</containernr>
</eigenaar>
<vertrek>
<datum>
<d>21</d>
<m>12</m>
<j>04</j>
</datum>
<tijd>
<van>0.00</van>
<tot>0.10</tot>
</tijd>
<soort_vervoer>vrachtauto</soort_vervoer>
<bedrijf>BasamroTransportBV</bedrijf>
</vertrek>
<afmetingen>
<l>24'</l>
<b>8'</b>
<h>8'6''</h>
</afmetingen>
<gewicht>
<leeg>2</leeg>
<inhoud>45</inhoud>
</gewicht>
<inhoud>
<naam>hifi</naam>
<soort>los</soort>
<gevaar>geen</gevaar>
</inhoud>
<ISO>1496-1</ISO>
</record>
<record id=  "id21">
<aankomst>
<datum>
<d>11</d>
<m>12</m>
<j>04</j>
</datum>
<tijd>
<van>0.00</van>
<tot>3.00</tot>
</tijd>
<soort_vervoer>binnenschip</soort_vervoer>
<bedrijf>GaagVander</bedrijf>
<positie>
<x>1</x>
<y>3</y>
<z>0</z>
</positie>
</aankomst>
<eigenaar>
<naam>IntTrans</naam>
<containernr>66812</containernr>
</eigenaar>
<vertrek>
<datum>
<d>18</d>
<m>12</m>
<j>04</j>
</datum>
<tijd>
<van>0.00</van>
<tot>0.10</tot>
</tijd>
<soort_vervoer>vrachtauto</soort_vervoer>
<bedrijf>DHL</bedrijf>
</vertrek>
<afmetingen>
<l>25'</l>
<b>8'</b>
<h>8'6''</h>
</afmetingen>
<gewicht>
<leeg>2</leeg>
<inhoud>34</inhoud>
</gewicht>
<inhoud>
<naam>staal</naam>
<soort>los</soort>
<gevaar>geen</gevaar>
</inhoud>
<ISO>1496-1</ISO>
</record>
<record id=  "id22">
<aankomst>
<datum>
<d>11</d>
<m>12</m>
<j>04</j>
</datum>
<tijd>
<van>0.00</van>
<tot>3.00</tot>
</tijd>
<soort_vervoer>binnenschip</soort_vervoer>
<bedrijf>GaagVander</bedrijf>
<positie>
<x>1</x>
<y>3</y>
<z>1</z>
</positie>
</aankomst>
<eigenaar>
<naam>McDonalds</naam>
<containernr>55224</containernr>
</eigenaar>
<vertrek>
<datum>
<d>22</d>
<m>12</m>
<j>04</j>
</datum>
<tijd>
<van>0.00</van>
<tot>0.10</tot>
</tijd>
<soort_vervoer>vrachtauto</soort_vervoer>
<bedrijf>HamBV</bedrijf>
</vertrek>
<afmetingen>
<l>25'</l>
<b>8'</b>
<h>8'6''</h>
</afmetingen>
<gewicht>
<leeg>2</leeg>
<inhoud>37</inhoud>
</gewicht>
<inhoud>
<naam>computers</naam>
<soort>los</soort>
<gevaar>geen</gevaar>
</inhoud>
<ISO>1496-1</ISO>
</record>
<record id=  "id23">
<aankomst>
<datum>
<d>11</d>
<m>12</m>
<j>04</j>
</datum>
<tijd>
<van>0.00</van>
<tot>3.00</tot>
</tijd>
<soort_vervoer>binnenschip</soort_vervoer>
<bedrijf>GaagVander</bedrijf>
<positie>
<x>1</x>
<y>3</y>
<z>2</z>
</positie>
</aankomst>
<eigenaar>
<naam>McDonalds</naam>
<containernr>87115</containernr>
</eigenaar>
<vertrek>
<datum>
<d>13</d>
<m>12</m>
<j>04</j>
</datum>
<tijd>
<van>0.00</van>
<tot>0.10</tot>
</tijd>
<soort_vervoer>vrachtauto</soort_vervoer>
<bedrijf>DHL</bedrijf>
</vertrek>
<afmetingen>
<l>25'</l>
<b>8'</b>
<h>8'6''</h>
</afmetingen>
<gewicht>
<leeg>2</leeg>
<inhoud>48</inhoud>
</gewicht>
<inhoud>
<naam>hout</naam>
<soort>vast</soort>
<gevaar>brandbaar</gevaar>
</inhoud>
<ISO>1496-1</ISO>
</record>
<record id=  "id24">
<aankomst>
<datum>
<d>11</d>
<m>12</m>
<j>04</j>
</datum>
<tijd>
<van>0.00</van>
<tot>3.00</tot>
</tijd>
<soort_vervoer>binnenschip</soort_vervoer>
<bedrijf>GaagVander</bedrijf>
<positie>
<x>2</x>
<y>0</y>
<z>0</z>
</positie>
</aankomst>
<eigenaar>
<naam>DeutschePost</naam>
<containernr>94869</containernr>
</eigenaar>
<vertrek>
<datum>
<d>20</d>
<m>12</m>
<j>04</j>
</datum>
<tijd>
<van>0.00</van>
<tot>0.10</tot>
</tijd>
<soort_vervoer>vrachtauto</soort_vervoer>
<bedrijf>GerisLogisticsBV</bedrijf>
</vertrek>
<afmetingen>
<l>20'</l>
<b>8'</b>
<h>8'6''</h>
</afmetingen>
<gewicht>
<leeg>2</leeg>
<inhoud>38</inhoud>
</gewicht>
<inhoud>
<naam>wijn</naam>
<soort>los</soort>
<gevaar>vloeibaar</gevaar>
</inhoud>
<ISO>1496-1</ISO>
</record>
<record id=  "id25">
<aankomst>
<datum>
<d>11</d>
<m>12</m>
<j>04</j>
</datum>
<tijd>
<van>0.00</van>
<tot>3.00</tot>
</tijd>
<soort_vervoer>binnenschip</soort_vervoer>
<bedrijf>GaagVander</bedrijf>
<positie>
<x>2</x>
<y>0</y>
<z>1</z>
</positie>
</aankomst>
<eigenaar>
<naam>IntTrans</naam>
<containernr>25850</containernr>
</eigenaar>
<vertrek>
<datum>
<d>19</d>
<m>12</m>
<j>04</j>
</datum>
<tijd>
<van>0.00</van>
<tot>0.10</tot>
</tijd>
<soort_vervoer>vrachtauto</soort_vervoer>
<bedrijf>KreukBV</bedrijf>
</vertrek>
<afmetingen>
<l>20'</l>
<b>8'</b>
<h>8'6''</h>
</afmetingen>
<gewicht>
<leeg>2</leeg>
<inhoud>36</inhoud>
</gewicht>
<inhoud>
<naam>PVC</naam>
<soort>los</soort>
<gevaar>brandbaar</gevaar>
</inhoud>
<ISO>1496-1</ISO>
</record>
<record id=  "id26">
<aankomst>
<datum>
<d>11</d>
<m>12</m>
<j>04</j>
</datum>
<tijd>
<van>0.00</van>
<tot>3.00</tot>
</tijd>
<soort_vervoer>binnenschip</soort_vervoer>
<bedrijf>GaagVander</bedrijf>
<positie>
<x>2</x>
<y>0</y>
<z>2</z>
</positie>
</aankomst>
<eigenaar>
<naam>FederalExpress</naam>
<containernr>21003</containernr>
</eigenaar>
<vertrek>
<datum>
<d>24</d>
<m>12</m>
<j>04</j>
</datum>
<tijd>
<van>0.00</van>
<tot>0.10</tot>
</tijd>
<soort_vervoer>vrachtauto</soort_vervoer>
<bedrijf>BasamroTransportBV</bedrijf>
</vertrek>
<afmetingen>
<l>20'</l>
<b>8'</b>
<h>8'6''</h>
</afmetingen>
<gewicht>
<leeg>2</leeg>
<inhoud>36</inhoud>
</gewicht>
<inhoud>
<naam>nitrotolueen</naam>
<soort>gas</soort>
<gevaar>brandbaar</gevaar>
</inhoud>
<ISO>1496-1</ISO>
</record>
<record id=  "id27">
<aankomst>
<datum>
<d>11</d>
<m>12</m>
<j>04</j>
</datum>
<tijd>
<van>0.00</van>
<tot>3.00</tot>
</tijd>
<soort_vervoer>binnenschip</soort_vervoer>
<bedrijf>GaagVander</bedrijf>
<positie>
<x>2</x>
<y>1</y>
<z>0</z>
</positie>
</aankomst>
<eigenaar>
<naam>Lufthansa</naam>
<containernr>19049</containernr>
</eigenaar>
<vertrek>
<datum>
<d>21</d>
<m>12</m>
<j>04</j>
</datum>
<tijd>
<van>0.00</van>
<tot>0.10</tot>
</tijd>
<soort_vervoer>vrachtauto</soort_vervoer>
<bedrijf>LindenTransportBV</bedrijf>
</vertrek>
<afmetingen>
<l>25'</l>
<b>8'</b>
<h>8'6''</h>
</afmetingen>
<gewicht>
<leeg>2</leeg>
<inhoud>45</inhoud>
</gewicht>
<inhoud>
<naam>kopieermachines</naam>
<soort>los</soort>
<gevaar>geen</gevaar>
</inhoud>
<ISO>1496-1</ISO>
</record>
<record id=  "id28">
<aankomst>
<datum>
<d>11</d>
<m>12</m>
<j>04</j>
</datum>
<tijd>
<van>0.00</van>
<tot>3.00</tot>
</tijd>
<soort_vervoer>binnenschip</soort_vervoer>
<bedrijf>GaagVander</bedrijf>
<positie>
<x>2</x>
<y>1</y>
<z>1</z>
</positie>
</aankomst>
<eigenaar>
<naam>MaasHolland</naam>
<containernr>40105</containernr>
</eigenaar>
<vertrek>
<datum>
<d>23</d>
<m>12</m>
<j>04</j>
</datum>
<tijd>
<van>0.00</van>
<tot>0.10</tot>
</tijd>
<soort_vervoer>vrachtauto</soort_vervoer>
<bedrijf>CPITransportBV</bedrijf>
</vertrek>
<afmetingen>
<l>25'</l>
<b>8'</b>
<h>8'6''</h>
</afmetingen>
<gewicht>
<leeg>2</leeg>
<inhoud>36</inhoud>
</gewicht>
<inhoud>
<naam>kopieermachines</naam>
<soort>los</soort>
<gevaar>geen</gevaar>
</inhoud>
<ISO>1496-1</ISO>
</record>
<record id=  "id29">
<aankomst>
<datum>
<d>11</d>
<m>12</m>
<j>04</j>
</datum>
<tijd>
<van>0.00</van>
<tot>3.00</tot>
</tijd>
<soort_vervoer>binnenschip</soort_vervoer>
<bedrijf>GaagVander</bedrijf>
<positie>
<x>2</x>
<y>1</y>
<z>2</z>
</positie>
</aankomst>
<eigenaar>
<naam>DowChemical</naam>
<containernr>38403</containernr>
</eigenaar>
<vertrek>
<datum>
<d>19</d>
<m>12</m>
<j>04</j>
</datum>
<tijd>
<van>0.00</van>
<tot>0.10</tot>
</tijd>
<soort_vervoer>vrachtauto</soort_vervoer>
<bedrijf>KoopTsjuchum</bedrijf>
</vertrek>
<afmetingen>
<l>25'</l>
<b>8'</b>
<h>8'6''</h>
</afmetingen>
<gewicht>
<leeg>2</leeg>
<inhoud>47</inhoud>
</gewicht>
<inhoud>
<naam>wijn</naam>
<soort>los</soort>
<gevaar>vloeibaar</gevaar>
</inhoud>
<ISO>1496-1</ISO>
</record>
<record id=  "id30">
<aankomst>
<datum>
<d>11</d>
<m>12</m>
<j>04</j>
</datum>
<tijd>
<van>0.00</van>
<tot>3.00</tot>
</tijd>
<soort_vervoer>binnenschip</soort_vervoer>
<bedrijf>GaagVander</bedrijf>
<positie>
<x>2</x>
<y>2</y>
<z>0</z>
</positie>
</aankomst>
<eigenaar>
<naam>UPS</naam>
<containernr>49076</containernr>
</eigenaar>
<vertrek>
<datum>
<d>18</d>
<m>12</m>
<j>04</j>
</datum>
<tijd>
<van>0.00</van>
<tot>0.10</tot>
</tijd>
<soort_vervoer>vrachtauto</soort_vervoer>
<bedrijf>LindenTransportBV</bedrijf>
</vertrek>
<afmetingen>
<l>28'</l>
<b>8'</b>
<h>8'6''</h>
</afmetingen>
<gewicht>
<leeg>2</leeg>
<inhoud>54</inhoud>
</gewicht>
<inhoud>
<naam>food</naam>
<soort>los</soort>
<gevaar>geen</gevaar>
</inhoud>
<ISO>1496-1</ISO>
</record>
<record id=  "id31">
<aankomst>
<datum>
<d>11</d>
<m>12</m>
<j>04</j>
</datum>
<tijd>
<van>0.00</van>
<tot>3.00</tot>
</tijd>
<soort_vervoer>binnenschip</soort_vervoer>
<bedrijf>GaagVander</bedrijf>
<positie>
<x>2</x>
<y>2</y>
<z>1</z>
</positie>
</aankomst>
<eigenaar>
<naam>WoodNorge</naam>
<containernr>7118</containernr>
</eigenaar>
<vertrek>
<datum>
<d>15</d>
<m>12</m>
<j>04</j>
</datum>
<tijd>
<van>0.00</van>
<tot>0.10</tot>
</tijd>
<soort_vervoer>vrachtauto</soort_vervoer>
<bedrijf>OoyenTransport</bedrijf>
</vertrek>
<afmetingen>
<l>28'</l>
<b>8'</b>
<h>8'6''</h>
</afmetingen>
<gewicht>
<leeg>2</leeg>
<inhoud>36</inhoud>
</gewicht>
<inhoud>
<naam>hout</naam>
<soort>vast</soort>
<gevaar>brandbaar</gevaar>
</inhoud>
<ISO>1496-1</ISO>
</record>
<record id=  "id32">
<aankomst>
<datum>
<d>11</d>
<m>12</m>
<j>04</j>
</datum>
<tijd>
<van>0.00</van>
<tot>3.00</tot>
</tijd>
<soort_vervoer>binnenschip</soort_vervoer>
<bedrijf>GaagVander</bedrijf>
<positie>
<x>2</x>
<y>2</y>
<z>2</z>
</positie>
</aankomst>
<eigenaar>
<naam>Bayer</naam>
<containernr>30334</containernr>
</eigenaar>
<vertrek>
<datum>
<d>17</d>
<m>12</m>
<j>04</j>
</datum>
<tijd>
<van>0.00</van>
<tot>0.10</tot>
</tijd>
<soort_vervoer>vrachtauto</soort_vervoer>
<bedrijf>vanGendenLoos</bedrijf>
</vertrek>
<afmetingen>
<l>28'</l>
<b>8'</b>
<h>8'6''</h>
</afmetingen>
<gewicht>
<leeg>2</leeg>
<inhoud>38</inhoud>
</gewicht>
<inhoud>
<naam>hifi</naam>
<soort>los</soort>
<gevaar>geen</gevaar>
</inhoud>
<ISO>1496-1</ISO>
</record>
<record id=  "id33">
<aankomst>
<datum>
<d>11</d>
<m>12</m>
<j>04</j>
</datum>
<tijd>
<van>0.00</van>
<tot>3.00</tot>
</tijd>
<soort_vervoer>binnenschip</soort_vervoer>
<bedrijf>GaagVander</bedrijf>
<positie>
<x>2</x>
<y>3</y>
<z>0</z>
</positie>
</aankomst>
<eigenaar>
<naam>Heineken</naam>
<containernr>13214</containernr>
</eigenaar>
<vertrek>
<datum>
<d>20</d>
<m>12</m>
<j>04</j>
</datum>
<tijd>
<van>0.00</van>
<tot>0.10</tot>
</tijd>
<soort_vervoer>vrachtauto</soort_vervoer>
<bedrijf>GerisLogisticsBV</bedrijf>
</vertrek>
<afmetingen>
<l>28'</l>
<b>8'</b>
<h>8'6''</h>
</afmetingen>
<gewicht>
<leeg>2</leeg>
<inhoud>42</inhoud>
</gewicht>
<inhoud>
<naam>karton</naam>
<soort>los</soort>
<gevaar>brandbaar</gevaar>
</inhoud>
<ISO>1496-1</ISO>
</record>
<record id=  "id34">
<aankomst>
<datum>
<d>11</d>
<m>12</m>
<j>04</j>
</datum>
<tijd>
<van>0.00</van>
<tot>3.00</tot>
</tijd>
<soort_vervoer>binnenschip</soort_vervoer>
<bedrijf>GaagVander</bedrijf>
<positie>
<x>2</x>
<y>3</y>
<z>1</z>
</positie>
</aankomst>
<eigenaar>
<naam>Heineken</naam>
<containernr>79236</containernr>
</eigenaar>
<vertrek>
<datum>
<d>25</d>
<m>12</m>
<j>04</j>
</datum>
<tijd>
<van>0.00</van>
<tot>0.10</tot>
</tijd>
<soort_vervoer>vrachtauto</soort_vervoer>
<bedrijf>DijckLogisticsBV</bedrijf>
</vertrek>
<afmetingen>
<l>28'</l>
<b>8'</b>
<h>8'6''</h>
</afmetingen>
<gewicht>
<leeg>2</leeg>
<inhoud>44</inhoud>
</gewicht>
<inhoud>
<naam>ijzererts</naam>
<soort>los</soort>
<gevaar>geen</gevaar>
</inhoud>
<ISO>1496-1</ISO>
</record>
<record id=  "id35">
<aankomst>
<datum>
<d>11</d>
<m>12</m>
<j>04</j>
</datum>
<tijd>
<van>0.00</van>
<tot>3.00</tot>
</tijd>
<soort_vervoer>binnenschip</soort_vervoer>
<bedrijf>GaagVander</bedrijf>
<positie>
<x>2</x>
<y>3</y>
<z>2</z>
</positie>
</aankomst>
<eigenaar>
<naam>Delhaize</naam>
<containernr>77462</containernr>
</eigenaar>
<vertrek>
<datum>
<d>12</d>
<m>12</m>
<j>04</j>
</datum>
<tijd>
<van>0.00</van>
<tot>0.10</tot>
</tijd>
<soort_vervoer>vrachtauto</soort_vervoer>
<bedrijf>BasamroTransportBV</bedrijf>
</vertrek>
<afmetingen>
<l>28'</l>
<b>8'</b>
<h>8'6''</h>
</afmetingen>
<gewicht>
<leeg>2</leeg>
<inhoud>45</inhoud>
</gewicht>
<inhoud>
<naam>appels</naam>
<soort>los</soort>
<gevaar>bederflijk</gevaar>
</inhoud>
<ISO>1496-1</ISO>
</record>
<record id=  "id36">
<aankomst>
<datum>
<d>11</d>
<m>12</m>
<j>04</j>
</datum>
<tijd>
<van>0.00</van>
<tot>3.00</tot>
</tijd>
<soort_vervoer>binnenschip</soort_vervoer>
<bedrijf>GaagVander</bedrijf>
<positie>
<x>3</x>
<y>0</y>
<z>0</z>
</positie>
</aankomst>
<eigenaar>
<naam>FlowersNL</naam>
<containernr>4872</containernr>
</eigenaar>
<vertrek>
<datum>
<d>20</d>
<m>12</m>
<j>04</j>
</datum>
<tijd>
<van>0.00</van>
<tot>0.10</tot>
</tijd>
<soort_vervoer>vrachtauto</soort_vervoer>
<bedrijf>TransportCargo</bedrijf>
</vertrek>
<afmetingen>
<l>40'</l>
<b>8'</b>
<h>8'6''</h>
</afmetingen>
<gewicht>
<leeg>3</leeg>
<inhoud>77</inhoud>
</gewicht>
<inhoud>
<naam>onderdelen</naam>
<soort>los</soort>
<gevaar>geen</gevaar>
</inhoud>
<ISO>1496-1</ISO>
</record>
<record id=  "id37">
<aankomst>
<datum>
<d>11</d>
<m>12</m>
<j>04</j>
</datum>
<tijd>
<van>0.00</van>
<tot>3.00</tot>
</tijd>
<soort_vervoer>binnenschip</soort_vervoer>
<bedrijf>GaagVander</bedrijf>
<positie>
<x>3</x>
<y>0</y>
<z>1</z>
</positie>
</aankomst>
<eigenaar>
<naam>Airfrance</naam>
<containernr>2383</containernr>
</eigenaar>
<vertrek>
<datum>
<d>12</d>
<m>12</m>
<j>04</j>
</datum>
<tijd>
<van>0.00</van>
<tot>0.10</tot>
</tijd>
<soort_vervoer>vrachtauto</soort_vervoer>
<bedrijf>SteelTransNederland</bedrijf>
</vertrek>
<afmetingen>
<l>40'</l>
<b>8'</b>
<h>8'6''</h>
</afmetingen>
<gewicht>
<leeg>3</leeg>
<inhoud>79</inhoud>
</gewicht>
<inhoud>
<naam>ijzererts</naam>
<soort>los</soort>
<gevaar>geen</gevaar>
</inhoud>
<ISO>1496-1</ISO>
</record>
<record id=  "id38">
<aankomst>
<datum>
<d>11</d>
<m>12</m>
<j>04</j>
</datum>
<tijd>
<van>0.00</van>
<tot>3.00</tot>
</tijd>
<soort_vervoer>binnenschip</soort_vervoer>
<bedrijf>GaagVander</bedrijf>
<positie>
<x>3</x>
<y>0</y>
<z>2</z>
</positie>
</aankomst>
<eigenaar>
<naam>McDonalds</naam>
<containernr>23821</containernr>
</eigenaar>
<vertrek>
<datum>
<d>19</d>
<m>12</m>
<j>04</j>
</datum>
<tijd>
<van>0.00</van>
<tot>0.10</tot>
</tijd>
<soort_vervoer>vrachtauto</soort_vervoer>
<bedrijf>LindenTransportBV</bedrijf>
</vertrek>
<afmetingen>
<l>40'</l>
<b>8'</b>
<h>8'6''</h>
</afmetingen>
<gewicht>
<leeg>3</leeg>
<inhoud>60</inhoud>
</gewicht>
<inhoud>
<naam>staal</naam>
<soort>los</soort>
<gevaar>geen</gevaar>
</inhoud>
<ISO>1496-1</ISO>
</record>
<record id=  "id39">
<aankomst>
<datum>
<d>11</d>
<m>12</m>
<j>04</j>
</datum>
<tijd>
<van>0.00</van>
<tot>3.00</tot>
</tijd>
<soort_vervoer>binnenschip</soort_vervoer>
<bedrijf>GaagVander</bedrijf>
<positie>
<x>3</x>
<y>1</y>
<z>0</z>
</positie>
</aankomst>
<eigenaar>
<naam>LLyod</naam>
<containernr>33600</containernr>
</eigenaar>
<vertrek>
<datum>
<d>20</d>
<m>12</m>
<j>04</j>
</datum>
<tijd>
<van>0.00</van>
<tot>12.00</tot>
</tijd>
<soort_vervoer>zeeschip</soort_vervoer>
<bedrijf>BaltDutchBV</bedrijf>
</vertrek>
<afmetingen>
<l>25'</l>
<b>8'</b>
<h>8'6''</h>
</afmetingen>
<gewicht>
<leeg>2</leeg>
<inhoud>40</inhoud>
</gewicht>
<inhoud>
<naam>hout</naam>
<soort>vast</soort>
<gevaar>brandbaar</gevaar>
</inhoud>
<ISO>1496-1</ISO>
</record>
<record id=  "id40">
<aankomst>
<datum>
<d>11</d>
<m>12</m>
<j>04</j>
</datum>
<tijd>
<van>0.00</van>
<tot>3.00</tot>
</tijd>
<soort_vervoer>binnenschip</soort_vervoer>
<bedrijf>GaagVander</bedrijf>
<positie>
<x>3</x>
<y>1</y>
<z>1</z>
</positie>
</aankomst>
<eigenaar>
<naam>KraftFoods</naam>
<containernr>66694</containernr>
</eigenaar>
<vertrek>
<datum>
<d>16</d>
<m>12</m>
<j>04</j>
</datum>
<tijd>
<van>0.00</van>
<tot>12.00</tot>
</tijd>
<soort_vervoer>zeeschip</soort_vervoer>
<bedrijf>BGFreightlineBV</bedrijf>
</vertrek>
<afmetingen>
<l>25'</l>
<b>8'</b>
<h>8'6''</h>
</afmetingen>
<gewicht>
<leeg>2</leeg>
<inhoud>38</inhoud>
</gewicht>
<inhoud>
<naam>staal</naam>
<soort>los</soort>
<gevaar>geen</gevaar>
</inhoud>
<ISO>1496-1</ISO>
</record>
<record id=  "id41">
<aankomst>
<datum>
<d>11</d>
<m>12</m>
<j>04</j>
</datum>
<tijd>
<van>0.00</van>
<tot>3.00</tot>
</tijd>
<soort_vervoer>binnenschip</soort_vervoer>
<bedrijf>GaagVander</bedrijf>
<positie>
<x>3</x>
<y>1</y>
<z>2</z>
</positie>
</aankomst>
<eigenaar>
<naam>UPS</naam>
<containernr>3937</containernr>
</eigenaar>
<vertrek>
<datum>
<d>25</d>
<m>12</m>
<j>04</j>
</datum>
<tijd>
<van>0.00</van>
<tot>12.00</tot>
</tijd>
<soort_vervoer>zeeschip</soort_vervoer>
<bedrijf>HamburgSuedNed</bedrijf>
</vertrek>
<afmetingen>
<l>25'</l>
<b>8'</b>
<h>8'6''</h>
</afmetingen>
<gewicht>
<leeg>2</leeg>
<inhoud>43</inhoud>
</gewicht>
<inhoud>
<naam>medicijnen</naam>
<soort>los</soort>
<gevaar>geen</gevaar>
</inhoud>
<ISO>1496-1</ISO>
</record>
<record id=  "id42">
<aankomst>
<datum>
<d>11</d>
<m>12</m>
<j>04</j>
</datum>
<tijd>
<van>0.00</van>
<tot>3.00</tot>
</tijd>
<soort_vervoer>binnenschip</soort_vervoer>
<bedrijf>GaagVander</bedrijf>
<positie>
<x>3</x>
<y>2</y>
<z>0</z>
</positie>
</aankomst>
<eigenaar>
<naam>Lufthansa</naam>
<containernr>55924</containernr>
</eigenaar>
<vertrek>
<datum>
<d>21</d>
<m>12</m>
<j>04</j>
</datum>
<tijd>
<van>0.00</van>
<tot>12.00</tot>
</tijd>
<soort_vervoer>zeeschip</soort_vervoer>
<bedrijf>HamburgSuedNed</bedrijf>
</vertrek>
<afmetingen>
<l>45'</l>
<b>8'</b>
<h>9'6''</h>
</afmetingen>
<gewicht>
<leeg>3</leeg>
<inhoud>63</inhoud>
</gewicht>
<inhoud>
<naam>bier</naam>
<soort>los</soort>
<gevaar>vloeibaar</gevaar>
</inhoud>
<ISO>1496-1</ISO>
</record>
<record id=  "id43">
<aankomst>
<datum>
<d>11</d>
<m>12</m>
<j>04</j>
</datum>
<tijd>
<van>0.00</van>
<tot>3.00</tot>
</tijd>
<soort_vervoer>binnenschip</soort_vervoer>
<bedrijf>GaagVander</bedrijf>
<positie>
<x>3</x>
<y>2</y>
<z>1</z>
</positie>
</aankomst>
<eigenaar>
<naam>Bayer</naam>
<containernr>57067</containernr>
</eigenaar>
<vertrek>
<datum>
<d>17</d>
<m>12</m>
<j>04</j>
</datum>
<tijd>
<van>0.00</van>
<tot>12.00</tot>
</tijd>
<soort_vervoer>zeeschip</soort_vervoer>
<bedrijf>InterzeeBV</bedrijf>
</vertrek>
<afmetingen>
<l>45'</l>
<b>8'</b>
<h>9'6''</h>
</afmetingen>
<gewicht>
<leeg>3</leeg>
<inhoud>83</inhoud>
</gewicht>
<inhoud>
<naam>hifi</naam>
<soort>los</soort>
<gevaar>geen</gevaar>
</inhoud>
<ISO>1496-1</ISO>
</record>
<record id=  "id44">
<aankomst>
<datum>
<d>11</d>
<m>12</m>
<j>04</j>
</datum>
<tijd>
<van>0.00</van>
<tot>3.00</tot>
</tijd>
<soort_vervoer>binnenschip</soort_vervoer>
<bedrijf>GaagVander</bedrijf>
<positie>
<x>3</x>
<y>2</y>
<z>2</z>
</positie>
</aankomst>
<eigenaar>
<naam>SeaTrans</naam>
<containernr>10541</containernr>
</eigenaar>
<vertrek>
<datum>
<d>18</d>
<m>12</m>
<j>04</j>
</datum>
<tijd>
<van>0.00</van>
<tot>12.00</tot>
</tijd>
<soort_vervoer>zeeschip</soort_vervoer>
<bedrijf>AllContainerServices</bedrijf>
</vertrek>
<afmetingen>
<l>45'</l>
<b>8'</b>
<h>9'6''</h>
</afmetingen>
<gewicht>
<leeg>3</leeg>
<inhoud>72</inhoud>
</gewicht>
<inhoud>
<naam>cocacloa</naam>
<soort>los</soort>
<gevaar>vloeibaar</gevaar>
</inhoud>
<ISO>1496-1</ISO>
</record>
<record id=  "id45">
<aankomst>
<datum>
<d>11</d>
<m>12</m>
<j>04</j>
</datum>
<tijd>
<van>0.00</van>
<tot>3.00</tot>
</tijd>
<soort_vervoer>binnenschip</soort_vervoer>
<bedrijf>GaagVander</bedrijf>
<positie>
<x>3</x>
<y>3</y>
<z>0</z>
</positie>
</aankomst>
<eigenaar>
<naam>MaasHolland</naam>
<containernr>52592</containernr>
</eigenaar>
<vertrek>
<datum>
<d>22</d>
<m>12</m>
<j>04</j>
</datum>
<tijd>
<van>0.00</van>
<tot>12.00</tot>
</tijd>
<soort_vervoer>zeeschip</soort_vervoer>
<bedrijf>SEAlink</bedrijf>
</vertrek>
<afmetingen>
<l>44'</l>
<b>8'</b>
<h>8'6''</h>
</afmetingen>
<gewicht>
<leeg>3</leeg>
<inhoud>73</inhoud>
</gewicht>
<inhoud>
<naam>vuurwerk</naam>
<soort>vast</soort>
<gevaar>explosief</gevaar>
</inhoud>
<ISO>1496-1</ISO>
</record>
<record id=  "id46">
<aankomst>
<datum>
<d>11</d>
<m>12</m>
<j>04</j>
</datum>
<tijd>
<van>0.00</van>
<tot>3.00</tot>
</tijd>
<soort_vervoer>binnenschip</soort_vervoer>
<bedrijf>GaagVander</bedrijf>
<positie>
<x>3</x>
<y>3</y>
<z>1</z>
</positie>
</aankomst>
<eigenaar>
<naam>TransNL</naam>
<containernr>94276</containernr>
</eigenaar>
<vertrek>
<datum>
<d>16</d>
<m>12</m>
<j>04</j>
</datum>
<tijd>
<van>0.00</van>
<tot>12.00</tot>
</tijd>
<soort_vervoer>zeeschip</soort_vervoer>
<bedrijf>BeaufortVOF</bedrijf>
</vertrek>
<afmetingen>
<l>44'</l>
<b>8'</b>
<h>8'6''</h>
</afmetingen>
<gewicht>
<leeg>3</leeg>
<inhoud>77</inhoud>
</gewicht>
<inhoud>
<naam>kopieermachines</naam>
<soort>los</soort>
<gevaar>geen</gevaar>
</inhoud>
<ISO>1496-1</ISO>
</record>
<record id=  "id47">
<aankomst>
<datum>
<d>11</d>
<m>12</m>
<j>04</j>
</datum>
<tijd>
<van>0.00</van>
<tot>3.00</tot>
</tijd>
<soort_vervoer>binnenschip</soort_vervoer>
<bedrijf>GaagVander</bedrijf>
<positie>
<x>3</x>
<y>3</y>
<z>2</z>
</positie>
</aankomst>
<eigenaar>
<naam>IBM</naam>
<containernr>93868</containernr>
</eigenaar>
<vertrek>
<datum>
<d>16</d>
<m>12</m>
<j>04</j>
</datum>
<tijd>
<van>0.00</van>
<tot>12.00</tot>
</tijd>
<soort_vervoer>zeeschip</soort_vervoer>
<bedrijf>ChinaShippingAgency</bedrijf>
</vertrek>
<afmetingen>
<l>44'</l>
<b>8'</b>
<h>8'6''</h>
</afmetingen>
<gewicht>
<leeg>3</leeg>
<inhoud>48</inhoud>
</gewicht>
<inhoud>
<naam>karton</naam>
<soort>los</soort>
<gevaar>brandbaar</gevaar>
</inhoud>
<ISO>1496-1</ISO>
</record>
<record id=  "id48">
<aankomst>
<datum>
<d>11</d>
<m>12</m>
<j>04</j>
</datum>
<tijd>
<van>0.00</van>
<tot>3.00</tot>
</tijd>
<soort_vervoer>binnenschip</soort_vervoer>
<bedrijf>GaagVander</bedrijf>
<positie>
<x>4</x>
<y>0</y>
<z>0</z>
</positie>
</aankomst>
<eigenaar>
<naam>WalMart</naam>
<containernr>74727</containernr>
</eigenaar>
<vertrek>
<datum>
<d>12</d>
<m>12</m>
<j>04</j>
</datum>
<tijd>
<van>0.00</van>
<tot>12.00</tot>
</tijd>
<soort_vervoer>zeeschip</soort_vervoer>
<bedrijf>VertracoShippingBV</bedrijf>
</vertrek>
<afmetingen>
<l>45'</l>
<b>8'</b>
<h>9'6''</h>
</afmetingen>
<gewicht>
<leeg>3</leeg>
<inhoud>53</inhoud>
</gewicht>
<inhoud>
<naam>bananen</naam>
<soort>los</soort>
<gevaar>bederflijk</gevaar>
</inhoud>
<ISO>1496-1</ISO>
</record>
<record id=  "id49">
<aankomst>
<datum>
<d>11</d>
<m>12</m>
<j>04</j>
</datum>
<tijd>
<van>0.00</van>
<tot>3.00</tot>
</tijd>
<soort_vervoer>binnenschip</soort_vervoer>
<bedrijf>GaagVander</bedrijf>
<positie>
<x>4</x>
<y>0</y>
<z>1</z>
</positie>
</aankomst>
<eigenaar>
<naam>Bayer</naam>
<containernr>9763</containernr>
</eigenaar>
<vertrek>
<datum>
<d>14</d>
<m>12</m>
<j>04</j>
</datum>
<tijd>
<van>0.00</van>
<tot>12.00</tot>
</tijd>
<soort_vervoer>zeeschip</soort_vervoer>
<bedrijf>ChinaShippingAgency</bedrijf>
</vertrek>
<afmetingen>
<l>45'</l>
<b>8'</b>
<h>9'6''</h>
</afmetingen>
<gewicht>
<leeg>3</leeg>
<inhoud>69</inhoud>
</gewicht>
<inhoud>
<naam>wijn</naam>
<soort>los</soort>
<gevaar>vloeibaar</gevaar>
</inhoud>
<ISO>1496-1</ISO>
</record>
<record id=  "id50">
<aankomst>
<datum>
<d>11</d>
<m>12</m>
<j>04</j>
</datum>
<tijd>
<van>0.00</van>
<tot>3.00</tot>
</tijd>
<soort_vervoer>binnenschip</soort_vervoer>
<bedrijf>GaagVander</bedrijf>
<positie>
<x>4</x>
<y>0</y>
<z>2</z>
</positie>
</aankomst>
<eigenaar>
<naam>WalMart</naam>
<containernr>81623</containernr>
</eigenaar>
<vertrek>
<datum>
<d>23</d>
<m>12</m>
<j>04</j>
</datum>
<tijd>
<van>0.00</van>
<tot>12.00</tot>
</tijd>
<soort_vervoer>zeeschip</soort_vervoer>
<bedrijf>HapagLloydNedBV</bedrijf>
</vertrek>
<afmetingen>
<l>45'</l>
<b>8'</b>
<h>9'6''</h>
</afmetingen>
<gewicht>
<leeg>3</leeg>
<inhoud>57</inhoud>
</gewicht>
<inhoud>
<naam>hifi</naam>
<soort>los</soort>
<gevaar>geen</gevaar>
</inhoud>
<ISO>1496-1</ISO>
</record>
<record id=  "id51">
<aankomst>
<datum>
<d>11</d>
<m>12</m>
<j>04</j>
</datum>
<tijd>
<van>0.00</van>
<tot>3.00</tot>
</tijd>
<soort_vervoer>binnenschip</soort_vervoer>
<bedrijf>GaagVander</bedrijf>
<positie>
<x>4</x>
<y>1</y>
<z>0</z>
</positie>
</aankomst>
<eigenaar>
<naam>Amstel</naam>
<containernr>82605</containernr>
</eigenaar>
<vertrek>
<datum>
<d>14</d>
<m>12</m>
<j>04</j>
</datum>
<tijd>
<van>0.00</van>
<tot>12.00</tot>
</tijd>
<soort_vervoer>zeeschip</soort_vervoer>
<bedrijf>VertracoShippingBV</bedrijf>
</vertrek>
<afmetingen>
<l>35'</l>
<b>8'</b>
<h>8'6''</h>
</afmetingen>
<gewicht>
<leeg>2</leeg>
<inhoud>46</inhoud>
</gewicht>
<inhoud>
<naam>karton</naam>
<soort>los</soort>
<gevaar>brandbaar</gevaar>
</inhoud>
<ISO>1496-1</ISO>
</record>
<record id=  "id52">
<aankomst>
<datum>
<d>11</d>
<m>12</m>
<j>04</j>
</datum>
<tijd>
<van>0.00</van>
<tot>3.00</tot>
</tijd>
<soort_vervoer>binnenschip</soort_vervoer>
<bedrijf>GaagVander</bedrijf>
<positie>
<x>4</x>
<y>1</y>
<z>1</z>
</positie>
</aankomst>
<eigenaar>
<naam>CocaCola</naam>
<containernr>1968</containernr>
</eigenaar>
<vertrek>
<datum>
<d>16</d>
<m>12</m>
<j>04</j>
</datum>
<tijd>
<van>0.00</van>
<tot>12.00</tot>
</tijd>
<soort_vervoer>zeeschip</soort_vervoer>
<bedrijf>BaltDutchBV</bedrijf>
</vertrek>
<afmetingen>
<l>35'</l>
<b>8'</b>
<h>8'6''</h>
</afmetingen>
<gewicht>
<leeg>2</leeg>
<inhoud>52</inhoud>
</gewicht>
<inhoud>
<naam>nitrotolueen</naam>
<soort>gas</soort>
<gevaar>brandbaar</gevaar>
</inhoud>
<ISO>1496-1</ISO>
</record>
<record id=  "id53">
<aankomst>
<datum>
<d>11</d>
<m>12</m>
<j>04</j>
</datum>
<tijd>
<van>0.00</van>
<tot>3.00</tot>
</tijd>
<soort_vervoer>binnenschip</soort_vervoer>
<bedrijf>GaagVander</bedrijf>
<positie>
<x>4</x>
<y>1</y>
<z>2</z>
</positie>
</aankomst>
<eigenaar>
<naam>FruitINT</naam>
<containernr>2942</containernr>
</eigenaar>
<vertrek>
<datum>
<d>18</d>
<m>12</m>
<j>04</j>
</datum>
<tijd>
<van>0.00</van>
<tot>12.00</tot>
</tijd>
<soort_vervoer>zeeschip</soort_vervoer>
<bedrijf>HollandAmericaLine</bedrijf>
</vertrek>
<afmetingen>
<l>35'</l>
<b>8'</b>
<h>8'6''</h>
</afmetingen>
<gewicht>
<leeg>2</leeg>
<inhoud>58</inhoud>
</gewicht>
<inhoud>
<naam>staal</naam>
<soort>los</soort>
<gevaar>geen</gevaar>
</inhoud>
<ISO>1496-1</ISO>
</record>
<record id=  "id54">
<aankomst>
<datum>
<d>11</d>
<m>12</m>
<j>04</j>
</datum>
<tijd>
<van>0.00</van>
<tot>3.00</tot>
</tijd>
<soort_vervoer>binnenschip</soort_vervoer>
<bedrijf>GaagVander</bedrijf>
<positie>
<x>4</x>
<y>2</y>
<z>0</z>
</positie>
</aankomst>
<eigenaar>
<naam>Bayer</naam>
<containernr>67095</containernr>
</eigenaar>
<vertrek>
<datum>
<d>25</d>
<m>12</m>
<j>04</j>
</datum>
<tijd>
<van>0.00</van>
<tot>12.00</tot>
</tijd>
<soort_vervoer>zeeschip</soort_vervoer>
<bedrijf>Containerships</bedrijf>
</vertrek>
<afmetingen>
<l>20'</l>
<b>8'</b>
<h>8'6''</h>
</afmetingen>
<gewicht>
<leeg>2</leeg>
<inhoud>31</inhoud>
</gewicht>
<inhoud>
<naam>papier</naam>
<soort>vast</soort>
<gevaar>brandbaar</gevaar>
</inhoud>
<ISO>1496-1</ISO>
</record>
<record id=  "id55">
<aankomst>
<datum>
<d>11</d>
<m>12</m>
<j>04</j>
</datum>
<tijd>
<van>0.00</van>
<tot>3.00</tot>
</tijd>
<soort_vervoer>binnenschip</soort_vervoer>
<bedrijf>GaagVander</bedrijf>
<positie>
<x>4</x>
<y>2</y>
<z>1</z>
</positie>
</aankomst>
<eigenaar>
<naam>GJMW</naam>
<containernr>63396</containernr>
</eigenaar>
<vertrek>
<datum>
<d>18</d>
<m>12</m>
<j>04</j>
</datum>
<tijd>
<van>0.00</van>
<tot>12.00</tot>
</tijd>
<soort_vervoer>zeeschip</soort_vervoer>
<bedrijf>HollandAmericaLine</bedrijf>
</vertrek>
<afmetingen>
<l>20'</l>
<b>8'</b>
<h>8'6''</h>
</afmetingen>
<gewicht>
<leeg>2</leeg>
<inhoud>33</inhoud>
</gewicht>
<inhoud>
<naam>staal</naam>
<soort>los</soort>
<gevaar>geen</gevaar>
</inhoud>
<ISO>1496-1</ISO>
</record>
<record id=  "id56">
<aankomst>
<datum>
<d>11</d>
<m>12</m>
<j>04</j>
</datum>
<tijd>
<van>0.00</van>
<tot>3.00</tot>
</tijd>
<soort_vervoer>binnenschip</soort_vervoer>
<bedrijf>GaagVander</bedrijf>
<positie>
<x>4</x>
<y>2</y>
<z>2</z>
</positie>
</aankomst>
<eigenaar>
<naam>MaasHolland</naam>
<containernr>67792</containernr>
</eigenaar>
<vertrek>
<datum>
<d>22</d>
<m>12</m>
<j>04</j>
</datum>
<tijd>
<van>0.00</van>
<tot>1.00</tot>
</tijd>
<soort_vervoer>trein</soort_vervoer>
<bedrijf>Trenitala</bedrijf>
</vertrek>
<afmetingen>
<l>20'</l>
<b>8'</b>
<h>8'6''</h>
</afmetingen>
<gewicht>
<leeg>2</leeg>
<inhoud>37</inhoud>
</gewicht>
<inhoud>
<naam>meubels</naam>
<soort>los</soort>
<gevaar>brandbaar</gevaar>
</inhoud>
<ISO>1496-1</ISO>
</record>
<record id=  "id57">
<aankomst>
<datum>
<d>11</d>
<m>12</m>
<j>04</j>
</datum>
<tijd>
<van>0.00</van>
<tot>3.00</tot>
</tijd>
<soort_vervoer>binnenschip</soort_vervoer>
<bedrijf>GaagVander</bedrijf>
<positie>
<x>4</x>
<y>3</y>
<z>0</z>
</positie>
</aankomst>
<eigenaar>
<naam>FederalExpress</naam>
<containernr>70360</containernr>
</eigenaar>
<vertrek>
<datum>
<d>12</d>
<m>12</m>
<j>04</j>
</datum>
<tijd>
<van>0.00</van>
<tot>1.00</tot>
</tijd>
<soort_vervoer>trein</soort_vervoer>
<bedrijf>SBB</bedrijf>
</vertrek>
<afmetingen>
<l>30'</l>
<b>8'</b>
<h>8'6''</h>
</afmetingen>
<gewicht>
<leeg>2</leeg>
<inhoud>52</inhoud>
</gewicht>
<inhoud>
<naam>appels</naam>
<soort>los</soort>
<gevaar>bederflijk</gevaar>
</inhoud>
<ISO>1496-1</ISO>
</record>
<record id=  "id58">
<aankomst>
<datum>
<d>11</d>
<m>12</m>
<j>04</j>
</datum>
<tijd>
<van>0.00</van>
<tot>3.00</tot>
</tijd>
<soort_vervoer>binnenschip</soort_vervoer>
<bedrijf>GaagVander</bedrijf>
<positie>
<x>4</x>
<y>3</y>
<z>1</z>
</positie>
</aankomst>
<eigenaar>
<naam>Bayer</naam>
<containernr>42327</containernr>
</eigenaar>
<vertrek>
<datum>
<d>18</d>
<m>12</m>
<j>04</j>
</datum>
<tijd>
<van>0.00</van>
<tot>1.00</tot>
</tijd>
<soort_vervoer>trein</soort_vervoer>
<bedrijf>Trenitala</bedrijf>
</vertrek>
<afmetingen>
<l>30'</l>
<b>8'</b>
<h>8'6''</h>
</afmetingen>
<gewicht>
<leeg>2</leeg>
<inhoud>49</inhoud>
</gewicht>
<inhoud>
<naam>papier</naam>
<soort>vast</soort>
<gevaar>brandbaar</gevaar>
</inhoud>
<ISO>1496-1</ISO>
</record>
<record id=  "id59">
<aankomst>
<datum>
<d>11</d>
<m>12</m>
<j>04</j>
</datum>
<tijd>
<van>0.00</van>
<tot>3.00</tot>
</tijd>
<soort_vervoer>binnenschip</soort_vervoer>
<bedrijf>GaagVander</bedrijf>
<positie>
<x>4</x>
<y>3</y>
<z>2</z>
</positie>
</aankomst>
<eigenaar>
<naam>Lufthansa</naam>
<containernr>96018</containernr>
</eigenaar>
<vertrek>
<datum>
<d>14</d>
<m>12</m>
<j>04</j>
</datum>
<tijd>
<van>0.00</van>
<tot>1.00</tot>
</tijd>
<soort_vervoer>trein</soort_vervoer>
<bedrijf>NMBS</bedrijf>
</vertrek>
<afmetingen>
<l>30'</l>
<b>8'</b>
<h>8'6''</h>
</afmetingen>
<gewicht>
<leeg>2</leeg>
<inhoud>39</inhoud>
</gewicht>
<inhoud>
<naam>hifi</naam>
<soort>los</soort>
<gevaar>geen</gevaar>
</inhoud>
<ISO>1496-1</ISO>
</record>
<record id=  "id60">
<aankomst>
<datum>
<d>11</d>
<m>12</m>
<j>04</j>
</datum>
<tijd>
<van>0.00</van>
<tot>3.00</tot>
</tijd>
<soort_vervoer>binnenschip</soort_vervoer>
<bedrijf>GaagVander</bedrijf>
<positie>
<x>5</x>
<y>0</y>
<z>0</z>
</positie>
</aankomst>
<eigenaar>
<naam>BeterBed</naam>
<containernr>85863</containernr>
</eigenaar>
<vertrek>
<datum>
<d>18</d>
<m>12</m>
<j>04</j>
</datum>
<tijd>
<van>0.00</van>
<tot>1.00</tot>
</tijd>
<soort_vervoer>trein</soort_vervoer>
<bedrijf>SverigeAB</bedrijf>
</vertrek>
<afmetingen>
<l>10'</l>
<b>8'</b>
<h>8'6''</h>
</afmetingen>
<gewicht>
<leeg>1</leeg>
<inhoud>11</inhoud>
</gewicht>
<inhoud>
<naam>PVC</naam>
<soort>los</soort>
<gevaar>brandbaar</gevaar>
</inhoud>
<ISO>1496-1</ISO>
</record>
<record id=  "id61">
<aankomst>
<datum>
<d>11</d>
<m>12</m>
<j>04</j>
</datum>
<tijd>
<van>0.00</van>
<tot>3.00</tot>
</tijd>
<soort_vervoer>binnenschip</soort_vervoer>
<bedrijf>GaagVander</bedrijf>
<positie>
<x>5</x>
<y>0</y>
<z>1</z>
</positie>
</aankomst>
<eigenaar>
<naam>BeterBed</naam>
<containernr>75642</containernr>
</eigenaar>
<vertrek>
<datum>
<d>22</d>
<m>12</m>
<j>04</j>
</datum>
<tijd>
<van>0.00</van>
<tot>1.00</tot>
</tijd>
<soort_vervoer>trein</soort_vervoer>
<bedrijf>SverigeAB</bedrijf>
</vertrek>
<afmetingen>
<l>10'</l>
<b>8'</b>
<h>8'6''</h>
</afmetingen>
<gewicht>
<leeg>1</leeg>
<inhoud>17</inhoud>
</gewicht>
<inhoud>
<naam>karton</naam>
<soort>los</soort>
<gevaar>brandbaar</gevaar>
</inhoud>
<ISO>1496-1</ISO>
</record>
</recordset>
